Date,Open,High,Low,Close,Volume,Adj Close,MA_50,MA_200,Daily_Return,Year,Month,Volatility_30d
2025-06-16,27.8980772284867,28.43323692813962,27.63555477822191,28.08940854754202,50651,28.08940854754202,0.0,0.0,0.0,2025,6,0.0
2025-06-17,27.992595970576758,28.262916500509473,27.785536524689284,28.06452097333121,90202,28.06452097333121,0.0,0.0,-0.0008860127534793261,2025,6,0.0
2025-06-18,28.181734154155514,28.44134623184961,27.918875159886106,28.181104910189333,68777,28.181104910189333,0.0,0.0,0.004154139561794334,2025,6,0.0
2025-06-19,28.460887955594547,28.664660426724044,28.15092048143914,28.455250284342778,36994,28.455250284342778,0.0,0.0,0.009727985294654795,2025,6,0.0
2025-06-20,28.359094820315068,28.619653054149346,28.104208813282497,28.413102676892578,87263,28.413102676892578,0.0,0.0,-0.0014811891313214476,2025,6,0.0
2025-06-21,28.445700016523425,28.66478280417656,28.116898855521335,28.370958024641723,79634,28.370958024641723,0.0,0.0,-0.0014832822986674543,2025,6,0.0
2025-06-22,28.527101879907146,28.927429708596428,28.34730104868782,28.655216331433056,120158,28.655216331433056,0.0,0.0,0.010019341135552695,2025,6,0.0
2025-06-23,28.776269044478024,28.99547972051423,28.59255913623312,28.79335458268058,30800,28.79335458268058,0.0,0.0,0.004820701740645861,2025,6,0.0
2025-06-24,28.723284669017715,29.098860281575067,28.599109720392256,28.708849193212288,57823,28.708849193212288,0.0,0.0,-0.0029348921198337763,2025,6,0.0
2025-06-25,28.86824266114481,29.028781930922857,28.381552326739065,28.80651000105776,128575,28.80651000105776,0.0,0.0,0.0034017667231525106,2025,6,0.0
2025-06-26,28.808488601722186,29.03980143730605,28.597481139890647,28.72309481635152,83878,28.72309481635152,0.0,0.0,-0.002895706029754308,2025,6,0.0
2025-06-27,28.504306409688326,28.845290354881453,28.323596929467918,28.63926346070887,38708,28.63926346070887,0.0,0.0,-0.002918604564676741,2025,6,0.0
2025-06-28,28.49872296910248,29.07751445802613,28.320563695659402,28.682816669590757,32819,28.682816669590757,0.0,0.0,0.0015207517100304102,2025,6,0.0
2025-06-29,28.491747444180174,28.76140292183133,27.998933787857908,28.338426225552354,94905,28.338426225552354,0.0,0.0,-0.012006855812160211,2025,6,0.0
2025-06-30,28.06781869713756,28.421003151084424,27.80743598352921,28.02794101570001,83870,28.02794101570001,0.0,0.0,-0.010956332132953328,2025,6,0.0
2025-07-01,27.83691087604985,28.028173223132935,27.462136668782477,27.926729260436634,29283,27.926729260436634,0.0,0.0,-0.0036111020501534696,2025,7,0.0
2025-07-02,27.93055789583914,28.207262922426064,27.561768721200824,27.744419658776437,50573,27.744419658776437,0.0,0.0,-0.006528140118380099,2025,7,0.0
2025-07-03,27.81486513475873,28.153828214321074,27.523084762421206,27.800984178643585,98707,27.800984178643585,0.0,0.0,0.0020387710596518893,2025,7,0.0
2025-07-04,27.77905550713743,28.03728390606497,27.471074550375747,27.63753984504977,50933,27.63753984504977,0.0,0.0,-0.005879084443325966,2025,7,0.0
2025-07-05,27.391427396578628,27.747975434085163,26.918810266032075,27.383325178809415,25774,27.383325178809415,0.0,0.0,-0.009198165526512536,2025,7,0.0
2025-07-06,27.894431708201136,28.0927028631911,27.515901799118247,27.647141957215297,92055,27.647141957215297,0.0,0.0,0.009634212670784015,2025,7,0.0
2025-07-07,27.817143124220905,28.208077868239464,27.325520152105018,27.60650222312772,30983,27.60650222312772,0.0,0.0,-0.0014699434086340446,2025,7,0.0
2025-07-08,27.588781602154057,28.09854711233347,27.27540391406085,27.618657299971545,116468,27.618657299971545,0.0,0.0,0.00044029760617925184,2025,7,0.0
2025-07-09,27.478791140567644,27.69250728452368,27.070822716707973,27.362202626453122,116334,27.362202626453122,0.0,0.0,-0.009285559060059234,2025,7,0.0
2025-07-10,27.34165884998881,27.547108597848734,27.03274250192636,27.26421373603859,38133,27.26421373603859,0.0,0.0,-0.003581176989011725,2025,7,0.0
2025-07-11,27.448415589090246,27.843754036802014,27.04716187215971,27.284179802186365,145555,27.284179802186365,0.0,0.0,0.0007323176945821519,2025,7,0.0
2025-07-12,26.96121014298074,27.484958172823422,26.70682899578283,27.077000958250352,34939,27.077000958250352,0.0,0.0,-0.007593368957325652,2025,7,0.0
2025-07-13,27.226952776752388,27.42466677403706,26.909326801715423,27.144626601552574,20781,27.144626601552574,0.0,0.0,0.002497530779220769,2025,7,0.0
2025-07-14,27.163522575789138,27.371503894079552,26.690123725687698,27.036511637367187,134586,27.036511637367187,0.0,0.0,-0.003982923241950265,2025,7,0.0
2025-07-15,26.772958024033624,27.20582830151835,26.30190572387449,26.984006762404398,76700,26.984006762404398,0.0,0.0,-0.001941998866829442,2025,7,0.0
2025-07-16,26.733708550683215,26.99125452109968,26.539457729183997,26.875699572203107,47624,26.875699572203107,0.0,0.0,-0.004013754931020519,2025,7,0.005735982909864603
2025-07-17,26.964401784083503,27.367244450766293,26.85138208204141,27.209109645414713,26823,27.209109645414713,0.0,0.0,0.01240563328652633,2025,7,0.006269953210328868
2025-07-18,27.17435132482854,27.35626606828668,26.933179529663665,27.206680144961886,38489,27.206680144961886,0.0,0.0,-8.928996518031695e-05,2025,7,0.0061968201404083495
2025-07-19,27.102397248445342,27.27561749193493,26.508321243984394,27.016292177749825,138555,27.016292177749825,0.0,0.0,-0.006997838993866301,2025,7,0.005930730643332189
2025-07-20,27.34463310817992,27.59116461944124,26.994717718725372,27.164350261928398,59961,27.164350261928398,0.0,0.0,0.0054803258420677015,2025,7,0.00607449161584386
2025-07-21,26.953489778583986,27.226911251837638,26.53068672438921,26.944598404933615,139664,26.944598404933615,0.0,0.0,-0.008089715192001856,2025,7,0.006193232968023602
2025-07-22,27.177627717503025,27.582677766784432,26.564423770626828,26.98219385203447,49118,26.98219385203447,0.0,0.0,0.001395286971282994,2025,7,0.005819398274603824
2025-07-23,26.463841054750326,26.779617825662232,26.269199878921125,26.62945322973611,120417,26.62945322973611,0.0,0.0,-0.013073089024292273,2025,7,0.006011437042511849
2025-07-24,26.185973848211773,26.73881198078205,25.879075540293247,26.390379740934392,101816,26.390379740934392,0.0,0.0,-0.008977784363020769,2025,7,0.006123813933441436
2025-07-25,26.41914903952324,26.654415878968283,26.006309377210385,26.425814763390836,42263,26.425814763390836,0.0,0.0,0.0013427249931337037,2025,7,0.006063325057614466
2025-07-26,26.604826601662726,26.849880230697483,26.34665152188876,26.55873874779001,33565,26.55873874779001,0.0,0.0,0.005030080835324746,2025,7,0.006231752016327161
2025-07-27,26.585661668632916,26.907066987620865,26.356019704643153,26.589585038404206,40354,26.589585038404206,0.0,0.0,0.0011614365767562695,2025,7,0.006268727404243349
2025-07-28,26.320675295569536,26.70649614541809,26.1288433869644,26.56876834757432,62951,26.56876834757432,0.0,0.0,-0.000782888894272693,2025,7,0.006232373749740443
2025-07-29,26.503875277626715,26.802810656986654,26.355350950696003,26.51456968236825,111179,26.51456968236825,0.0,0.0,-0.0020399389424845538,2025,7,0.00596989662321771
2025-07-30,26.09189938404153,26.51508094492342,25.90682713854813,26.248435724102112,43648,26.248435724102112,0.0,0.0,-0.010037272392284469,2025,7,0.0059255948619743705
2025-07-31,26.19922447245067,26.498469598851486,25.99125779326729,26.118863766591065,70729,26.118863766591065,0.0,0.0,-0.004936368737283314,2025,7,0.005941649014713479
2025-08-01,26.079940577349923,26.358857441740703,25.78254044099238,26.035948787818302,61971,26.035948787818302,0.0,0.0,-0.0031745247233465612,2025,8,0.005888945085336237
2025-08-02,26.113445214178427,26.7217608025288,25.94044253728429,26.22623078853771,38658,26.22623078853771,0.0,0.0,0.007308433515141877,2025,8,0.006091738918713178
2025-08-03,26.22641805057963,26.474308082234902,25.953039459400554,26.288082080660033,41253,26.288082080660033,0.0,0.0,0.0023583751939435516,2025,8,0.006092962082159099
2025-08-04,25.843629230068064,26.167635157194557,25.749218794688428,25.97073485269474,84166,25.97073485269474,27.408647780986758,0.0,-0.012071904941241884,2025,8,0.006236631150606003
2025-08-05,26.021548475513022,26.216755914543324,25.738460452291577,26.0290699671858,68563,26.0290699671858,27.367441009379636,0.0,0.0022461865180918306,2025,8,0.005909063202993146
2025-08-06,26.074372235171015,26.26882452325499,25.626402260549973,25.959755156710866,46390,25.959755156710866,27.32534569304723,0.0,-0.002662976839446052,2025,8,0.005909447628108027
2025-08-07,25.71962207109553,26.024170483925143,25.668995635352676,25.837909196655794,108664,25.837909196655794,27.27848177877656,0.0,-0.004693648276708595,2025,8,0.005909746738634375
2025-08-08,26.008496510509293,26.377398163620047,25.660605271662394,25.94801092864715,71578,25.94801092864715,27.228336991662644,0.0,0.004261247733063689,2025,8,0.005867251597964176
2025-08-09,26.069959928491727,26.525641267495406,25.6971930292444,26.13359084269642,99025,26.13359084269642,27.18274675497872,0.0,0.007151989975631823,2025,8,0.006075336599237988
2025-08-10,26.206076524265853,26.494146634762387,26.077040626134973,26.301221264137336,123850,26.301221264137336,27.141352019768632,0.0,0.0064143661867945845,2025,8,0.006230466486829297
2025-08-11,26.137318466762714,26.316926552646837,25.720061228078944,26.15016210995726,52658,26.15016210995726,27.091250935339122,0.0,-0.00574342737407596,2025,8,0.0061739418702373115
2025-08-12,25.97027480361372,26.39164543794268,25.678372902677115,26.094503882304043,26852,26.094503882304043,27.03727392133159,0.0,-0.0021284085130786057,2025,8,0.006137572284747945
2025-08-13,26.08769338331502,26.348908995528586,25.90819456889086,26.15413129995668,147282,26.15413129995668,26.986179563466475,0.0,0.0022850565744259033,2025,8,0.006149627219861043
2025-08-14,26.185984075728044,26.64302260461426,25.941560983493815,26.329729422838707,114986,26.329729422838707,26.93664395190209,0.0,0.006713972674837754,2025,8,0.006309129357823525
2025-08-15,26.47924507597652,26.749537378061653,25.937645368774383,26.243478060026554,22551,26.243478060026554,26.887051616775594,0.0,-0.0032758165276600693,2025,8,0.006297589848434253
2025-08-16,26.214291070463673,26.31271665896395,25.952458905085827,26.210059444227067,91947,26.210059444227067,26.83846753644596,0.0,-0.0012734065097259606,2025,8,0.005784757532446284
2025-08-17,25.926952087946873,26.41566966903899,25.623076488702235,26.010919148905984,81001,26.010919148905984,26.785029586032266,0.0,-0.007597857446483003,2025,8,0.0058950852318152185
2025-08-18,25.82127954585957,26.250867313169124,25.6376693158794,25.795601956571463,69159,25.795601956571463,26.734173100652644,0.0,-0.008277954004696442,2025,8,0.005940855752225479
2025-08-19,25.928377238639516,26.130577735553977,25.66144115623591,25.941856604602417,142775,25.941856604602417,26.692451412430692,0.0,0.005669751311761617,2025,8,0.005948651298685878
2025-08-20,26.15946345780118,26.397209653751567,26.05083490749168,26.185979809745167,71707,26.185979809745167,26.657636423416864,0.0,0.009410398371388684,2025,8,0.00613692101307269
2025-08-21,26.246717991865918,26.52530453093841,25.934140593995576,26.173017987860707,53243,26.173017987860707,26.626208389998553,0.0,-0.0004949909065321556,2025,8,0.0061218743177652
2025-08-22,26.444554834686947,26.72800051368565,26.19404467362775,26.35365390948127,41800,26.35365390948127,26.597261784615302,0.0,0.006901608431413742,2025,8,0.005842975450813903
2025-08-23,26.35508825627658,26.734602821257127,26.178641250535556,26.418748393989844,95939,26.418748393989844,26.572885955594106,0.0,0.0024700364030034727,2025,8,0.00562864730749524
2025-08-24,26.23352864928356,26.753647292037556,25.859919331762516,26.302626838160922,77828,26.302626838160922,26.551271988781135,0.0,-0.004395422299995788,2025,8,0.005680500996520596
2025-08-25,26.33467184349424,26.599983324403034,25.975540831434813,26.367678047152438,27239,26.367678047152438,26.525682710579876,0.0,0.0024731829787105752,2025,8,0.00561910246120005
2025-08-26,26.36829408934804,26.814694904662467,26.057380277257323,26.64452462911631,26710,26.64452462911631,26.50644315869965,0.0,0.010499467623535041,2025,8,0.0059476078503417325
2025-08-27,26.45625301461269,26.750144019275066,26.31548429107995,26.63807594207652,41384,26.63807594207652,26.486831531541746,0.0,-0.00024202672517359414,2025,8,0.005945702928879819
2025-08-28,27.083736712216382,27.26064370822219,26.70135264509252,26.91971180012304,41038,26.91971180012304,26.477981715015147,0.0,0.010572680198784878,2025,8,0.0062280950636691215
2025-08-29,26.645553807007044,26.892241109719663,26.07684791138897,26.44815768138689,60846,26.44815768138689,26.46166059392211,0.0,-0.01751705672918813,2025,8,0.006789864612848789
2025-08-30,26.566215807427664,27.025555918526205,26.302044116063673,26.596100132174428,107983,26.596100132174428,26.447899000521872,0.0,0.005593676980066409,2025,8,0.00678334371024437
2025-08-31,26.68095544002399,26.879194310120372,26.12983565045913,26.611768604457296,87821,26.611768604457296,26.438594353446014,0.0,0.0005891266841755449,2025,8,0.0067453272565003814
2025-09-01,26.595297299918666,26.867676095082555,26.268615497434002,26.55794728137344,57991,26.55794728137344,26.42686076704243,0.0,-0.0020224632148214683,2025,9,0.0066469667694358725
2025-09-02,26.94392991816446,27.192287628557185,26.30525930950083,26.57446422114983,99057,26.57446422114983,26.41761981871808,0.0,0.000621920798373532,2025,9,0.0066372430550046295
2025-09-03,26.35105080589382,26.71989013323863,25.99761346294192,26.21670181652167,133193,26.21670181652167,26.402273719800426,0.0,-0.013462638480719713,2025,9,0.006731419550143947
2025-09-04,26.161810765733225,26.67985411929828,25.898456675254998,26.177160876710918,26971,26.177160876710918,26.388302945890587,0.0,-0.0015082347156969433,2025,9,0.006729585847459503
2025-09-05,26.126776286710985,26.438354262291003,25.89202327034904,26.241441139583035,49139,26.241441139583035,26.36894957577395,0.0,0.0024555857365458067,2025,9,0.00671908452563433
2025-09-06,26.3146885092056,26.708518123384685,25.99387764153674,26.507462067636506,105445,26.507462067636506,26.35496521422744,0.0,0.01013743592200056,2025,9,0.006876547542081464
2025-09-07,26.438589064651318,26.793005152358226,26.06850319666779,26.41417342834725,97067,26.41417342834725,26.342922839239392,0.0,-0.0035193350103159826,2025,9,0.006891179677701688
2025-09-08,26.17788249039236,26.586833728789106,26.006481436443156,26.268644579826475,100257,26.268644579826475,26.325008725597353,0.0,-0.005509498486316322,2025,9,0.006864800431583783
2025-09-09,26.00765786682954,26.612999044554865,25.890781162185316,26.17832831198126,104742,26.17832831198126,26.309683323738305,0.0,-0.003438177693971145,2025,9,0.006792277634868769
2025-09-10,26.265511947058528,26.651493511700227,26.199132484368857,26.34310069316763,57711,26.34310069316763,26.296901460560967,0.0,0.006294228539832192,2025,9,0.006805009656744768
2025-09-11,26.27249013247265,26.616346683827672,25.971690999781398,26.402275892906378,26530,26.402275892906378,26.292357913824375,0.0,0.0022463262934759864,2025,9,0.006798767674653066
2025-09-12,26.509376052437016,26.818441535506246,26.1672557168457,26.30691905622831,31116,26.30691905622831,26.290688700130254,0.0,-0.0036116900325129375,2025,9,0.00682796546597331
2025-09-13,26.50510396502265,26.865974323080938,26.364596253483963,26.399307194188715,85794,26.399307194188715,26.29015854874621,0.0,0.0035119330303534646,2025,9,0.006747451345998886
2025-09-14,26.41582443611337,26.7488293711911,26.126966575660273,26.416781153071362,20282,26.416781153071362,26.28731939685184,0.0,0.0006619097521807227,2025,9,0.006717549525885809
2025-09-15,26.768730548034085,27.069457951144816,26.091837299624004,26.591137251367282,99473,26.591137251367282,26.287350441111098,0.0,0.006600202245898856,2025,9,0.006809511035627557
2025-09-16,26.474051891387074,26.830719360345988,26.215374785623347,26.46476769446936,21898,26.46476769446936,26.285270428049003,0.0,-0.00475231862794534,2025,9,0.006711888983260195
2025-09-17,26.30243440392237,26.772718067126327,25.968585326477204,26.40578850808176,24135,26.40578850808176,26.28309480456327,0.0,-0.0022285926356317987,2025,9,0.006524263136553114
2025-09-18,26.51798392979033,26.90619982889408,26.077026104663215,26.33520904051797,26629,26.33520904051797,26.28483027089159,0.0,-0.0026728786206171584,2025,9,0.0064872410796023225
2025-09-19,26.136445555096348,26.451316543855313,25.831665315173304,26.07177634985419,129472,26.07177634985419,26.283888522556854,0.0,-0.010003060551312726,2025,9,0.00653811325961015
2025-09-20,26.00060846120664,26.358366191694127,25.658700812907863,26.125077999725814,145147,26.125077999725814,26.285671106795004,0.0,0.002044419572965639,2025,9,0.006549585932563393
2025-09-21,26.149227307348163,26.436739317361525,25.92825476176703,26.172067948718194,105120,26.172067948718194,26.284587849998605,0.0,0.0017986529645144245,2025,9,0.006428220724797638
2025-09-22,26.067914180507664,26.54363926756467,25.791174949100473,26.172988370913835,139798,26.172988370913835,26.28228597580369,0.0,3.51681111880886e-05,2025,9,0.006408551601217874
2025-09-23,25.964826719190587,26.299069119807584,25.682656938570986,26.13076268690631,109087,26.13076268690631,26.285486532487916,0.0,-0.0016133306372630996,2025,9,0.006367113759855062
2025-09-24,25.98713725904103,26.27400458992832,25.69280499870154,25.875995953337235,85031,25.875995953337235,26.282425052210947,0.0,-0.00974968609304061,2025,9,0.0065778175924811715
2025-09-25,26.029409792095883,26.240075910863148,25.451075560285815,25.80027979523947,53380,25.80027979523947,26.279235544981518,0.0,-0.0029261157033069196,2025,9,0.006244442419537395
2025-09-26,25.570763073406354,25.991465664558135,25.338259049075894,25.738591182264653,149951,25.738591182264653,26.277249184693698,0.0,-0.0023910055807301323,2025,9,0.00624713452116926
2025-09-27,25.66173758220763,26.039582768468357,25.419755789754046,25.59418127380476,132507,25.59418127380476,26.270172591596847,0.0,-0.005610637638916227,2025,9,0.005890715680092423
2025-09-28,25.487072737410262,25.83425975250687,25.18342175305322,25.56514984570488,37071,25.56514984570488,26.258803771657018,0.0,-0.0011342979792674512,2025,9,0.005073115862883315
2025-09-29,25.579423953879733,25.89252265474711,25.419270752058836,25.637878999931495,40074,25.637878999931495,26.245536926372903,0.0,0.0028448553857716163,2025,9,0.004971505344012591
2025-09-30,25.90630519124073,26.0914068480514,25.65348707550382,25.977392462149393,110724,25.977392462149393,26.24208153341674,0.0,0.013242650151317426,2025,9,0.005623459388307141
2025-10-01,25.905137576097545,26.333441825061847,25.656049475761964,26.008816468459123,87843,26.008816468459123,26.240367785139842,0.0,0.001209667458176078,2025,10,0.005629963393142999
2025-10-02,26.0609981341426,26.375546552256708,25.696585982206063,26.05517553878922,59901,26.05517553878922,26.238388669916493,0.0,0.0017824367512577766,2025,10,0.005643195181127845
2025-10-03,25.942061259981983,26.508100746281855,25.64459143669399,26.04177527395131,31205,26.04177527395131,26.232629586938746,0.0,-0.0005143033796860541,2025,10,0.005097626206514852
2025-10-04,25.728851274291063,25.948073450795764,25.448899151072,25.696396455197483,75661,25.696396455197483,26.221687954842167,0.0,-0.013262491328665194,2025,10,0.005625222846722613
2025-10-05,25.685595384482728,25.963538990383018,25.3538187545627,25.691623957616624,144661,25.691623957616624,26.21131924510995,0.0,-0.00018572633673286099,2025,10,0.005596306135545637
2025-10-06,25.673791629782038,25.977403763777083,25.284770874880305,25.70246539540601,25906,25.70246539540601,26.205150170039957,0.0,0.00042198335952869925,2025,10,0.005216316722569975
2025-10-07,26.036941336208365,26.553594303629705,25.73116030557318,26.145848975653358,22591,26.145848975653358,26.212155110421595,0.0,0.017250624538399206,2025,10,0.006164528695906024
2025-10-08,26.042011442324558,26.35169444875406,25.79097618034022,26.111224001992756,145576,26.111224001992756,26.215542458369406,0.0,-0.001324300989149152,2025,10,0.006089989704649667
2025-10-09,26.2561494707119,26.534051623288935,26.046686146847826,26.16550252361281,82987,26.16550252361281,26.215132912646755,0.0,0.002078742904427111,2025,10,0.00607155597677266
2025-10-10,26.21936446758079,26.530154118552442,26.0157657713734,26.159254405065862,83370,26.159254405065862,26.214857640990857,0.0,-0.0002387922242772511,2025,10,0.00595409417083946
2025-10-11,25.831585728918522,26.217553270609983,25.61210819935399,25.948892358294348,100685,25.948892358294348,26.20676240996712,0.0,-0.008041591840277307,2025,10,0.006101803172682341
2025-10-12,26.16652034155856,26.371876980103508,25.96555168512298,26.154600464907052,130454,26.154600464907052,26.201479451385463,0.0,0.007927433039235376,2025,10,0.006264283358412143
2025-10-13,26.380114865595285,26.649523864885115,26.058645541089216,26.28994841079067,125487,26.28994841079067,26.201225882838056,0.0,0.005174919267653344,2025,10,0.006305254596661851
2025-10-14,26.232005527523857,26.789697336244398,25.976340535034147,26.43233416125842,74400,26.43233416125842,26.20251900512018,0.0,0.005415976792457533,2025,10,0.006384802372020352
2025-10-15,26.333847642480958,26.481196112539852,25.965675143959693,26.268644419395365,45150,26.268644419395365,26.195001400925758,0.0,-0.006192784218919778,2025,10,0.00635865710390135
2025-10-16,26.441632544290364,26.784444362778554,26.198682422096272,26.521147395363865,51852,26.521147395363865,26.192662829991505,0.0,0.009612333698577391,2025,10,0.006556386312777614
2025-10-17,26.337286044292433,26.517273962798516,25.970164039678632,26.268814204061254,62870,26.268814204061254,26.17964487807027,0.0,-0.009514414574187002,2025,10,0.006776540992351824
2025-10-18,26.2828573821602,26.743953143837786,26.026409940679187,26.3744484809453,139796,26.3744484809453,26.178170694061443,0.0,0.0040212807499973025,2025,10,0.006800812665749636
2025-10-19,26.552144641511358,26.866411803112722,26.499691298146747,26.7687304935911,72756,26.7687304935911,26.181623301289775,0.0,0.014949393650094844,2025,10,0.0070475201924000115
2025-10-20,26.395128862521595,26.784541770340415,26.23906240190347,26.590433955067574,135357,26.590433955067574,26.181196608301974,0.0,-0.006660627352732096,2025,10,0.007176952092590628
2025-10-21,26.49427055733844,26.78199174484489,26.252909119311237,26.488500363739075,139052,26.488500363739075,26.17980766994929,0.0,-0.0038334685135543722,2025,10,0.007218426041168574
2025-10-22,26.537604309661425,26.94415671258486,26.37740708373896,26.50643760945485,76481,26.50643760945485,26.178447137715395,0.0,0.0006771710542108345,2025,10,0.007218179684314322
2025-10-23,26.307293996701404,26.659236965606635,25.99730112370178,26.415811991713934,21283,26.415811991713934,26.182429341219237,0.0,-0.0034190040576629332,2025,10,0.007243438108719674
2025-10-24,26.213323669175313,26.407803716505992,25.73361749088766,26.13669257412203,53691,26.13669257412203,26.18161997516746,0.0,-0.01056637659593651,2025,10,0.007284268137254152
2025-10-25,25.949651502114843,26.58714961653118,25.57777531694511,26.149033909587118,21125,26.149033909587118,26.179771830567542,0.0,0.0004721842838411039,2025,10,0.007257782631510411
2025-10-26,25.94988966527874,26.063017851074793,25.72123395237176,25.957819241116418,87065,25.957819241116418,26.168778974037142,0.0,-0.007312494569850725,2025,10,0.007379354898697556
2025-10-27,25.897743934659253,26.07318528296874,25.498671320974257,26.04306587863075,148734,26.04306587863075,26.161356823042805,0.0,0.0032840446542328205,2025,10,0.007311688521974818
2025-10-28,25.799349183532406,26.171570961473996,25.534482437812194,25.877569516468665,46170,25.877569516468665,26.153535321775653,0.0,-0.006354718869635123,2025,10,0.007415901400167745
2025-10-29,26.16224554992979,26.362040127494527,25.940266306483625,26.15655770937182,28438,26.15655770937182,26.153099909723466,0.0,0.010781081767575085,2025,10,0.007643032721053257
2025-10-30,25.912322512917225,26.163448835038228,25.72366277927132,26.0155721167513,40095,26.0155721167513,26.146549338195136,0.0,-0.005390066773580338,2025,10,0.007339343037091424
2025-10-31,25.9114543785267,26.278436688564213,25.691701347175513,25.957601043834277,36154,25.957601043834277,26.13765584121369,0.0,-0.0022283220471517318,2025,10,0.00734785009006352
2025-11-01,26.224789280066553,26.499169351443673,25.892851824814944,26.10403414296082,28004,26.10403414296082,26.133598142948344,0.0,0.0056412416108586605,2025,11,0.007414320737588012
2025-11-02,25.81325154165993,26.076070702929034,25.54620991942238,25.882478566002707,29752,25.882478566002707,26.123261570384624,0.0,-0.008487407568682603,2025,11,0.007577788815930666
2025-11-03,26.02370440767927,26.14567396781218,25.657363956126463,25.92342135423145,75426,25.92342135423145,26.113394374407825,0.0,0.0015818727763778906,2025,11,0.007167398008962881
2025-11-04,26.023142227443373,26.4959527828303,25.772837625428032,26.15870705000229,128896,26.15870705000229,26.10474577038053,0.0,0.009076182212053308,2025,11,0.0073422929338663075
2025-11-05,25.932936569131098,26.247956686926965,25.57566625080663,25.869360067781265,46819,25.869360067781265,26.09283761784676,0.0,-0.011061211154967943,2025,11,0.007646363659441137
2025-11-06,26.075582396796026,26.315664810418088,25.533529534838447,25.90259416231708,122168,25.90259416231708,26.08277373093147,0.0,0.0012846894723617108,2025,11,0.006945350690939838
2025-11-07,25.652775725266522,26.384036764886563,25.30782031172239,25.949373065281797,112051,25.949373065281797,26.075057011426747,0.0,0.0018059543639366016,2025,11,0.006952758238734201
2025-11-08,25.994473751545257,26.2330927055691,25.89296354839025,26.090101182201714,147905,26.090101182201714,26.075423508073694,0.0,0.0054231798419901445,2025,11,0.0070168060979549935
2025-11-09,25.936698709505322,26.034146192412848,25.862057940753463,25.86745005424366,44217,25.86745005424366,26.07027094916405,0.0,-0.008533931179613208,2025,11,0.007185011835507633
2025-11-10,25.60540241756333,25.810577056900364,25.2619704264394,25.62976786388849,145949,25.62976786388849,26.059424947467463,0.0,-0.009188466194261613,2025,11,0.007230262071932871
2025-11-11,25.768254850504086,26.013696248868534,25.61040521554107,25.72371734569953,108708,25.72371734569953,26.050439526963174,0.0,0.0036656392016491957,2025,11,0.007101994426612497
2025-11-12,25.704696364475605,26.051508531813774,25.477172904664872,25.777174586881504,52994,25.777174586881504,26.04336776496268,0.0,0.0020781304841583914,2025,11,0.007038448387080906
2025-11-13,25.83265407444051,26.058530468654876,25.689274602549695,25.82226329994376,35036,25.82226329994376,26.042293111894807,0.0,0.0017491720401816568,2025,11,0.006961206613154114
2025-11-14,25.865942709406166,26.169829517304645,25.796140753164167,25.884623977653217,97275,25.884623977653217,26.043979995543086,0.0,0.0024149965858955014,2025,11,0.006906511734768484
2025-11-15,25.902353375168268,26.027199432749224,25.458073254948612,25.76221952776909,117756,25.76221952776909,26.04445256245317,0.0,-0.004728847905606015,2025,11,0.006677267042595545
2025-11-16,25.834555694454217,26.228932154861543,25.478109677227806,25.80402519325807,69416,25.80402519325807,26.04864944084224,0.0,0.0016227509219040037,2025,11,0.006491458771815626
2025-11-17,25.897290557900856,26.1390754400616,25.6644292785245,25.85677823845183,29587,25.85677823845183,26.05448200869718,0.0,0.0020443727208707685,2025,11,0.0064531173040885195
2025-11-18,25.67876974727239,26.089924566365898,25.6696655180579,25.728194983207086,130053,25.728194983207086,26.05628832836269,0.0,-0.004972903200040957,2025,11,0.005783856180545002
2025-11-19,26.005521648324443,26.348306929850914,25.81014609314969,26.06403439521314,115665,26.06403439521314,26.058021167023966,0.0,0.01305336080612185,2025,11,0.00625504588621995
2025-11-20,26.09741733843891,26.444999642892643,25.808236937898656,26.149324320977264,20645,26.149324320977264,26.06083132407433,0.0,0.0032723224835748965,2025,11,0.006264767674580368
2025-11-21,25.982223948566183,26.289200676589402,25.8327808483582,25.934889691480787,50930,25.934889691480787,26.05842560712816,0.0,-0.008200388922648183,2025,11,0.006419378457035547
2025-11-22,26.002551203336445,26.34784019703661,25.734215211358528,26.053069341034877,101835,26.053069341034877,26.05865148846983,0.0,0.004556782425525707,2025,11,0.006468137062929258
2025-11-23,25.91239962322153,26.226671899208284,25.629157625311258,25.87762664039396,142232,25.87762664039396,26.062276092173757,0.0,-0.006734051114836825,2025,11,0.006296834241326548
2025-11-24,26.268349964905052,26.651265217918297,25.71137271910749,26.0193018690676,50090,26.0193018690676,26.06882965040278,0.0,0.005474815393328614,2025,11,0.006383977484618408
2025-11-25,26.332384037700738,26.602036154670884,25.965891036447516,26.227849073288933,107489,26.227849073288933,26.07933732396044,0.0,0.008015096072552907,2025,11,0.006403974607067536
2025-11-26,26.041003432125486,26.401026631744475,25.88831032621364,26.080126255985626,72142,26.080126255985626,26.078022869567086,0.0,-0.005632288674931818,2025,11,0.006470382648856445
2025-11-27,26.397679629909273,26.63870606048055,25.88387680908315,26.2535339592496,131979,26.2535339592496,26.080869068712218,0.0,0.0066490361880122695,2025,11,0.00646086716719401
2025-11-28,26.278865481335586,26.72184624764312,26.044718438638284,26.327834526098172,46475,26.327834526098172,26.084115708761928,0.0,0.0028301167745226063,2025,11,0.006181675519464784
2025-11-29,26.23123041067584,26.658166124691252,25.98396086462683,26.47580535489718,38888,26.47580535489718,26.090446727758554,0.0,0.0056203190069554765,2025,11,0.006162948867995046
2025-11-30,26.6962577344648,27.24732213506597,26.53958453037212,26.81722809177489,63732,26.81722809177489,26.107813442428167,0.0,0.012895650662976266,2025,11,0.006530940637726841
2025-12-01,26.548563200371273,27.01904243582994,26.342891425490425,26.773058230894375,101623,26.773058230894375,26.120182597747913,0.0,-0.0016470703358809624,2025,12,0.006491905557568303
2025-12-02,26.59520410322507,26.74430821109822,26.43368437462776,26.637385721310025,66305,26.637385721310025,26.1271313439583,0.0,-0.005067501381959882,2025,12,0.006350515934881483
2025-12-03,26.47948332948018,26.74229377097126,26.244567729969777,26.477273123977433,66037,26.477273123977433,26.128030123212675,0.0,-0.006010822496161916,2025,12,0.006475694100207531
2025-12-04,26.531599750156687,26.713494584409197,25.90925642466942,26.330427272683654,29346,26.330427272683654,26.12926578027844,0.0,-0.005546109321990511,2025,12,0.0063749679814089
2025-12-05,26.355780249840812,26.689844604739683,26.20373907928225,26.316548964989114,20587,26.316548964989114,26.125173811670948,0.0,-0.0005270825099347176,2025,12,0.006010868308101941
2025-12-06,26.351664256999047,26.56269392252587,26.26302039678672,26.37795632045611,32763,26.37795632045611,26.127356653998845,0.0,0.002333412163908477,2025,12,0.006018099543071308
2025-12-07,26.52728933407753,26.732670990756052,26.030643631586152,26.427760664335512,79165,26.427760664335512,26.128422897666645,0.0,0.001888104721774031,2025,12,0.006018674629918207
2025-12-08,26.311317412081053,26.637699576067444,26.08224977979624,26.576653649161997,127481,26.576653649161997,26.12458136077807,0.0,0.005633961451278591,2025,12,0.0060245872577502045
2025-12-09,26.607267736673048,26.81203710474814,26.39590126356601,26.57899398970002,89615,26.57899398970002,26.12435256147072,0.0,8.80600157160405e-05,2025,12,0.005772555741235128
2025-12-10,26.933133946854774,26.940746014191877,26.48663965484873,26.840630123588337,56116,26.840630123588337,26.131395156667704,0.0,0.009843718463900641,2025,12,0.005668084685254089
2025-12-11,26.615561544111927,26.884601611256933,26.426123098085615,26.792991893605507,140987,26.792991893605507,26.137126242350714,0.0,-0.0017748551268534918,2025,12,0.005685248504235688
2025-12-12,27.41987282877647,27.7459142943909,26.85002137223694,27.282622343591637,105751,27.282622343591637,26.15446244938827,0.0,0.018274571646587523,2025,12,0.006469361192494719
2025-12-13,27.435862035088668,27.76444205095375,27.07744987905541,27.395242466189337,111353,27.395242466189337,26.179633447229616,0.0,0.00412790681113373,2025,12,0.006481837227931056
2025-12-14,27.191119556366314,27.533499862212906,26.989910697180882,27.24095410603441,110301,27.24095410603441,26.20147185115856,0.0,-0.0056319399379417545,2025,12,0.006628619709200789
2025-12-15,27.124127280316163,27.27742966600324,26.58246263505686,27.04819345638341,115648,27.04819345638341,26.2232793354639,0.0,-0.007076134297671288,2025,12,0.006720641414934683
2025-12-16,27.407521634063706,27.652750498449507,26.945609983427513,27.13503849112718,45556,27.13503849112718,26.24511878771383,0.0,0.003210751759958219,2025,12,0.006726696688488256
2025-12-17,27.116639140375547,27.36627888646649,26.770605652567596,27.09481518976853,79042,27.09481518976853,26.269463701179824,0.0,-0.0014823380984627654,2025,12,0.006751237509208445
2025-12-18,27.253121749061144,27.38728528014189,26.943406020664455,27.223335278705104,38099,27.223335278705104,26.290799252566494,0.0,0.004743346209835186,2025,12,0.006658348706120089
2025-12-19,27.253394743183513,27.708857881305057,26.873220614243632,27.308518051128342,129089,27.308518051128342,26.316658171254034,0.0,0.003129035129280089,2025,12,0.006323530772145003
2025-12-20,27.19342752251433,27.63314507590767,26.787276402841645,27.295408846850105,65096,27.295408846850105,26.343414327314353,0.0,-0.00048004085222397297,2025,12,0.006325914836212308
2025-12-21,27.242626275583103,27.470529858200138,26.889785562691216,27.142985977597792,91986,27.142985977597792,26.364193364007086,0.0,-0.005584194400880094,2025,12,0.0062051696575360586
2025-12-22,26.767583418045273,27.12300206105379,26.59292520507989,26.870313477154337,33230,26.870313477154337,26.383950062230124,0.0,-0.010045781280972665,2025,12,0.006524657940288097
2025-12-23,26.798528734248602,27.06936701504336,26.493943571488362,26.789940785782274,49009,26.789940785782274,26.401280450861137,0.0,-0.0029911333725375355,2025,12,0.006405363020096114
2025-12-24,26.886773675148685,26.98991908191807,26.704545212123897,26.9440925687605,90969,26.9440925687605,26.416988161236304,0.0,0.005754091963504182,2025,12,0.006412026578760586
2025-12-25,27.040107021793503,27.26538928354144,26.531290717951272,26.982629442703935,53866,26.982629442703935,26.439253548734758,0.0,0.001430253174980356,2025,12,0.006281523588683456
2025-12-26,26.798435915170213,26.980237490370435,26.494742929427503,26.758396462535778,125400,26.758396462535778,26.45636959473913,0.0,-0.00831027163769571,2025,12,0.00639648856468931
2025-12-27,26.914073822499937,27.063911821510445,26.5761011843202,26.78956902918899,104246,26.78956902918899,26.473173514017272,0.0,0.0011649639281208213,2025,12,0.006303499001005378
2025-12-28,26.79772418967761,27.080816128251584,26.52925615909112,26.85892615754018,96975,26.85892615754018,26.488550013524044,0.0,0.0025889602134181455,2025,12,0.006300832995120934
2025-12-29,26.667446826788773,27.12960047170893,26.55215945574174,26.699831819023977,61855,26.699831819023977,26.505197648819653,0.0,-0.005923332064098119,2025,12,0.006341398254693865
2025-12-30,26.610050692200296,27.041586624220873,26.45721209605136,26.727502338094173,101557,26.727502338094173,26.527152338303765,0.0,0.0010363555567596272,2025,12,0.005882167085414582
2025-12-31,26.68466471620532,26.930862008436172,26.314623325410878,26.737979907414452,26416,26.737979907414452,26.547437589538063,0.0,0.00039201453198822733,2025,12,0.005875391742423892
2026-01-01,26.57752131297032,26.884779591105936,26.34793468170208,26.532245253804938,92516,26.532245253804938,26.56253900287653,26.57501027032847,-0.0076944725937379,2026,1,0.005971887328127892
2026-01-02,26.68748561266507,27.07742115632367,26.451338076935823,26.59664697866763,75915,26.59664697866763,26.57802667645101,26.567546462484103,0.0024273002245618347,2026,1,0.005882653319005033
2026-01-03,26.586928354512597,27.04005156170519,26.283263079259868,26.697588193413914,38058,26.697588193413914,26.594285960766225,26.56071179858451,0.0037952609149283223,2026,1,0.005816698372341992
2026-01-04,26.996890127598142,27.25285316459016,26.52396700171916,26.892537417185462,96637,26.892537417185462,26.61689231855455,26.55426896111949,0.007302128655188422,2026,1,0.0059442829222221445
2026-01-05,27.24489832960834,27.430204651837784,26.760326455485238,27.082221786551745,60718,27.082221786551745,26.642456250420423,26.54740381863054,0.007053420301093238,2026,1,0.006049473374631985
2026-01-06,26.883853488706315,27.203675820067673,26.484636531738886,26.83424130031947,52602,26.83424130031947,26.662005511657775,26.53950951174767,-0.009156578370368984,2026,1,0.006317187171136115
2026-01-07,26.890648290641714,27.17999682918389,26.49111230199169,26.665432793134745,94658,26.665432793134745,26.68075026785633,26.530981885590137,-0.006290787404625298,2026,1,0.006359862794798113
2026-01-08,26.665284437339878,27.097658463235078,26.55746550401406,26.758139141232306,98112,26.758139141232306,26.694632362776712,26.521496499639138,0.0034766489190991567,2026,1,0.006389103751759157
2026-01-09,26.70126204799913,27.1641377925647,26.301128682803583,26.8506206123965,78067,26.8506206123965,26.708658288605097,26.511782829787713,0.0034561996511068838,2026,1,0.006160490448974692
2026-01-10,26.729882766063078,27.298284467463525,26.512150749947292,26.94332919593159,47516,26.94332919593159,26.728827078694113,26.50295522980131,0.0034527538440689565,2026,1,0.006181554892827509
2026-01-11,27.81634618162814,28.012822660472086,27.411904165894946,27.63682086424944,149295,27.63682086424944,26.760502109158406,26.497106784117268,0.02573890046307148,2026,1,0.007026430325379248
2026-01-12,27.818105034936696,28.19984444150013,27.356761741989306,27.73958115617421,107969,27.73958115617421,26.79774119947401,26.492189215816385,0.0037182385206142587,2026,1,0.007019438170568623
2026-01-13,27.937312810897463,28.21374293187596,27.631689809957397,27.94398297140672,21089,27.94398297140672,26.836234821520794,26.488712813369872,0.007368597747807515,2026,1,0.007032934665646317
2026-01-14,28.14929952399387,28.606825611256397,27.820114511627335,28.115703288835494,57346,28.115703288835494,26.873991905831723,26.4858772464661,0.006145162541949967,2026,1,0.006931115890699673
2026-01-15,28.097895028394735,28.414034932261583,27.631394793904626,28.23295371407054,94663,28.23295371407054,26.917048454993424,26.48534988390869,0.0041702824941107774,2026,1,0.00694237438463163
2026-01-16,28.469695487589295,28.89329186790582,27.99055707307329,28.176205250035277,30487,28.176205250035277,26.955501880809134,26.48609120508036,-0.0020100080427284395,2026,1,0.0069504514578064905
2026-01-17,28.32832625156109,28.598117329907357,27.97003569691594,28.312819709724064,20155,28.312819709724064,26.995201584481652,26.488021657326797,0.004848575543671352,2026,1,0.006952260511570398
2026-01-18,28.18683854645989,28.371696746098443,27.91800985861759,28.1737111711073,143950,28.1737111711073,27.029159700805852,26.49016811488845,-0.004913270385746404,2026,1,0.0070351416806531675
2026-01-19,28.218175816761946,28.419787233356512,27.854224594007775,28.1310838218941,87494,28.1310838218941,27.05543681540824,26.491818613104705,-0.0015130186063990747,2026,1,0.007045479711589139
2026-01-20,28.101439491093267,28.319404760273834,27.64087154064361,28.04371838328486,96229,28.04371838328486,27.080850018456047,26.49384950579588,-0.003105654910503075,2026,1,0.0069794727436336005
2026-01-21,28.085321811287894,28.377738405928085,27.757672152745435,28.058455728374398,124648,28.058455728374398,27.109271418597338,26.497225158543706,0.00052551323216532,2026,1,0.006656075455696535
2026-01-22,28.380237335722192,28.777377819179183,28.07640772781723,28.47509427037563,58547,28.47509427037563,27.149227841525303,26.50136492010951,0.014848947712396976,2026,1,0.007030662410607331
2026-01-23,28.195562738565435,28.38819273817158,27.781735801978137,28.138986535709115,48795,28.138986535709115,27.185399026785813,26.504027341672412,-0.011803568812630338,2026,1,0.007431818819827604
2026-01-24,28.48835630955353,28.73592085032743,28.049008642930815,28.262513369976528,75296,28.262513369976528,27.224318314885558,26.50724662202244,0.004389882134193224,2026,1,0.007450837880435045
2026-01-25,28.13367491870099,28.597901954562175,27.80614547989629,27.97222451316239,41447,27.97222451316239,27.256203678739684,26.510296731455988,-0.010271162122563071,2026,1,0.007548487169231476
2026-01-26,28.07845917251702,28.501213489527093,27.7417576967224,27.887276777320295,56598,27.887276777320295,27.285394000999382,26.513412046662392,-0.00303686021832561,2026,1,0.007593903126141183
2026-01-27,28.021942003602675,28.376920251741822,27.968577662540277,28.083287884774418,61814,28.083287884774418,27.315526685711625,26.517407587075336,0.007028693013637399,2026,1,0.007661493986444906
2026-01-28,27.976105709780576,28.348658636028425,27.520484996786543,28.094858288211604,110751,28.094858288211604,27.345843971681862,26.52249687372514,0.00041200316304346174,2026,1,0.007535670452708684
2026-01-29,27.885769797772372,28.162867360856154,27.74609063434454,27.90086422818433,145118,27.90086422818433,27.36704865377378,26.526278061858296,-0.006904966668177637,2026,1,0.00769846705741934
2026-01-30,27.77879654999218,28.09014834726522,27.54423492287611,27.772109560517535,95330,27.772109560517535,27.38663100711202,26.529956051474052,-0.004614719695196112,2026,1,0.007776330688882275
2026-01-31,28.02574013754229,28.17346088102245,27.672118485314666,27.894437155325775,141347,27.894437155325775,27.398867303346705,26.53450820343866,0.004404692216184669,2026,1,0.007605926567135879
2026-02-01,27.55987540605091,27.987233507874354,27.27913473627,27.76297116161669,118745,27.76297116161669,27.40622187725525,26.538944561385723,-0.004712982483820571,2026,2,0.007693535246186911
2026-02-02,27.985479746076717,28.068621338688956,27.470359986487516,27.801933707741444,107960,27.801933707741444,27.417441469289393,26.54190868169736,0.0014033997261295728,2026,2,0.007680884206176874
2026-02-03,27.791175691094654,28.10005895118466,27.45512834225868,27.81013663892413,83278,27.81013663892413,27.43268033294021,26.544925964167174,0.0002950489440380899,2026,2,0.007600719663900069
2026-02-04,27.641622847961397,28.00756817032536,27.44993059181829,27.692848576355086,75077,27.692848576355086,27.443836534644767,26.548308746160195,-0.0042174572563906665,2026,2,0.007577210497267035
2026-02-05,27.957305987402425,28.280439866203707,27.724018158781067,28.078758512433645,132782,28.078758512433645,27.463515401098064,26.55288078741273,0.013935364396137295,2026,2,0.00770574052947941
2026-02-06,27.994281135826995,28.60026261277989,27.716023140778166,28.192863936450888,142046,28.192863936450888,27.48290597425298,26.559122115070313,0.004063763145607524,2026,2,0.007573620412192569
2026-02-07,27.927118740927945,28.05454217462771,27.60320738347087,27.828338270852516,122932,27.828338270852516,27.493302378647467,26.563352837164402,-0.012929713931158049,2026,2,0.008033193822013916
2026-02-08,27.87069820357362,27.97426071555264,27.451165489909016,27.861900047511014,91906,27.861900047511014,27.504632202660684,26.569515071253278,0.0012060287729667163,2026,2,0.008023243503472888
2026-02-09,27.587983175883778,28.0152236657087,27.288885680719954,27.742778483852703,29528,27.742778483852703,27.51662805278578,26.57627706496787,-0.0042754285764854405,2026,2,0.008074450385210541
2026-02-10,27.74080703146839,28.25092631437724,27.417319252863408,27.896216484116025,113812,27.896216484116025,27.537146112925015,26.58362907357149,0.005530736597007646,2026,2,0.006658853347009577
2026-02-11,27.713268587283324,28.171955520343925,27.396980460416582,27.75356275119814,70100,27.75356275119814,27.556418552233332,26.58960319358853,-0.005113730494567648,2026,2,0.006699135647010779
2026-02-12,27.933192774768823,28.13730434848193,27.36556280598556,27.732910191734096,129869,27.732910191734096,27.5721949046928,26.595319819355186,-0.0007441408387524051,2026,2,0.006555234768860421
2026-02-13,27.792656939786944,28.181675985293708,27.524554783916575,27.823807901950577,28179,27.823807901950577,27.589018473877736,26.601595017127064,0.0032776116746511263,2026,2,0.006479509693354036
2026-02-14,27.799266682527026,28.22579298995113,27.678949877322612,27.9796438369012,68781,27.9796438369012,27.613443421365044,26.60892038789973,0.0056008126385784784,2026,2,0.006518895792793739
2026-02-15,27.734101315940844,27.996327753637075,27.44413252076558,27.76359048363116,75267,27.76359048363116,27.63292385045389,26.616496161697373,-0.0077218049854193005,2026,2,0.006653196758467737
2026-02-16,27.670653432810067,28.041746254928455,27.48578912218925,27.703380261179788,102379,27.703380261179788,27.64981293252668,26.62441874417032,-0.0021686756432627297,2026,2,0.006582733894545494
2026-02-17,27.29426370801783,27.933122393012162,27.097125376192807,27.61789010517082,43952,27.61789010517082,27.668174098249615,26.632328450757083,-0.0030859106435023875,2026,2,0.00655081985068056
2026-02-18,27.493775459325413,27.592651627609126,27.185139057449902,27.50029084330755,73798,27.50029084330755,27.683629868353883,26.63869875103093,-0.004258082765028148,2026,2,0.006582482910875173
2026-02-19,27.790360462933105,28.215726641530736,27.416532155789742,27.818072606558147,118696,27.818072606558147,27.70523172233676,26.64634870366042,0.011555578268654276,2026,2,0.006935190480224316
2026-02-20,27.97451407830873,28.362523213723474,27.638842156857514,27.89096931453112,130434,27.89096931453112,27.73240620355128,26.655949875969604,0.0026204801822173884,2026,2,0.006953749870081427
2026-02-21,27.88588493414425,28.073328663993298,27.38312690149091,27.66401020275081,70939,27.66401020275081,27.753753468032947,26.664124577147426,-0.00813736909681606,2026,2,0.006492162442584484
2026-02-22,27.9644131567664,28.253993510110142,27.40900385875715,27.82922535322067,49516,27.82922535322067,27.776386211229077,26.67347192812998,0.0059722053765520755,2026,2,0.006274226878913324
2026-02-23,28.178946825816364,28.510616487311218,27.904871507867508,28.211213468682946,76526,28.211213468682946,27.802759732259027,26.685338449490114,0.013726149780093122,2026,2,0.006732258150523943
2026-02-24,28.26427410653315,28.67312459216454,27.754105795115112,28.39705721558215,30449,28.39705721558215,27.829056440839636,26.69758368092479,0.006587584298899829,2026,2,0.006549823671402797
2026-02-25,28.43237379810041,28.62734328271587,27.817019657147274,28.123570621710428,70290,28.123570621710428,27.85484302726746,26.70753357981986,-0.009630807579654954,2026,2,0.006780008726879424
2026-02-26,28.04351470067624,28.226352363882434,27.962484764510084,28.036408488594503,146688,28.036408488594503,27.88226254117665,26.71620951594214,-0.003099255577762139,2026,2,0.006685078461443439
2026-02-27,28.26612401047765,28.513568603378506,27.939118333337642,28.264452495448097,106661,28.264452495448097,27.91238880826097,26.7267809678696,0.008133852342262937,2026,2,0.006849483044976778
2026-02-28,28.134176981183515,28.504344893562653,27.846061142695238,28.137071991636716,92954,28.137071991636716,27.938117835845773,26.736993808416265,-0.004506738767782403,2026,2,0.00677703170700715
2026-03-01,28.24072965999518,28.545089675454623,27.83798421329476,28.216959488703036,42746,28.216959488703036,27.963590441701204,26.747307949359993,0.002839225669609924,2026,3,0.006726965317629466
2026-03-02,28.339070368889445,28.56933218511171,28.02175223376245,28.35639361832032,87990,28.35639361832032,27.977981896782616,26.7574412703374,0.004941500861320947,2026,3,0.006738272127063139
2026-03-03,28.120706692610636,28.5167160045011,27.884552291009012,28.189546133436263,78810,28.189546133436263,27.98698119632786,26.767171610704445,-0.005883945861728357,2026,3,0.006773227822158758
2026-03-04,28.113208496396293,28.213685831408146,27.98563832002523,28.17883156934514,138362,28.17883156934514,27.991678168286626,26.777015471330042,-0.00038008998230787405,2026,3,0.006773129423398106
2026-03-05,27.591473055706782,27.960280018169914,27.362375381435385,27.595403448132704,103297,27.595403448132704,27.981272171472575,26.784937892826175,-0.020704482362112198,2026,3,0.007799332069755087
2026-03-06,27.345802700156483,27.487042294814724,27.180854745577413,27.411013672692533,35223,27.411013672692533,27.96483337064501,26.793014951406775,-0.006681901780734689,2026,3,0.007855567051652832
2026-03-07,27.280009911520505,27.579307311301452,27.088062256500976,27.365551405441764,92237,27.365551405441764,27.948620293753148,26.800133425410973,-0.00165854016905842,2026,3,0.0073820335241638405
2026-03-08,27.153722060011116,27.2917550705485,26.832092592246028,27.14095043268809,22597,27.14095043268809,27.925182908212424,26.80490827852569,-0.008207434574441286,2026,3,0.007441208276526974
2026-03-09,27.404187201305284,27.555316319823696,26.987196750870144,27.434784467395787,85677,27.434784467395787,27.910404374138192,26.811217110923366,0.010826224948770058,2026,3,0.007418297143318255
2026-03-10,27.357838177992793,27.723920856730643,26.887891866380574,27.17735901936287,22659,27.17735901936287,27.891329878087568,26.815335636472774,-0.009383177343304627,2026,3,0.007586890849837248
2026-03-11,26.78003463475025,27.301380891626224,26.64962294095377,27.098151011757412,106516,27.098151011757412,27.87241853065702,26.818732649561607,-0.002914485088452712,2026,3,0.00756944824710938
2026-03-12,27.25266513789961,27.537315526072682,26.827224048846897,27.12168431566891,94567,27.12168431566891,27.85368310240291,26.822827936949146,0.0008684468509045917,2026,3,0.007483302336275315
2026-03-13,27.530643730800527,27.77595167291261,27.011450359036246,27.38111350770081,35037,27.38111350770081,27.831803487149415,26.82789511425189,0.00956537908974986,2026,3,0.007676440708324337
2026-03-14,26.873851492599535,27.420362403210824,26.68482978303147,27.12265832048851,146498,27.12265832048851,27.811476922845,26.830285782708756,-0.009439177378217645,2026,3,0.007851191137609027
2026-03-15,27.290905284586763,27.58970998498243,27.054307001254056,27.332027795876407,66738,27.332027795876407,27.792867211363,26.83375554197776,0.007719356742762029,2026,3,0.007969995682317573
2026-03-16,27.289296842940438,27.455570524441075,27.03782802346752,27.333869746859932,123965,27.333869746859932,27.78010011603695,26.835826331711438,6.739166948310782e-05,2026,3,0.007886004020061746
2026-03-17,26.98829678630516,27.50682487161601,26.816786617613385,27.1571981896713,91678,27.1571981896713,27.765498544283968,26.83937153425286,-0.006463466710890042,2026,3,0.007850900278776114
2026-03-18,27.147038812527782,27.441001156722557,26.832210769143398,27.240376815038687,32109,27.240376815038687,27.748640322889255,26.84259291766718,0.0030628573973814355,2026,3,0.007875354499247597
2026-03-19,27.142938458786016,27.37054937037594,26.905033273646794,27.276207560241915,42010,27.276207560241915,27.73226730832986,26.845915112446104,0.0013153542422161824,2026,3,0.007867121158525892
2026-03-20,27.378440975564164,27.585629459467572,26.876215277962626,27.16816852235333,28787,27.16816852235333,27.717613394213245,26.848966218651004,-0.003960925933342074,2026,3,0.007862261991310375
2026-03-21,27.293014304829228,27.69309028389266,27.019482115431746,27.180732897651534,128400,27.180732897651534,27.705785860955924,26.85199756203351,0.0004624667756998324,2026,3,0.007535891906590671
2026-03-22,27.263963061615716,27.598985235827065,26.905122280248758,27.111376450216415,28472,27.111376450216415,27.690124646853732,26.856470935201983,-0.0025516768696517422,2026,3,0.0075153832080710765
2026-03-23,27.218410220046827,27.433545006606042,26.809571436578864,27.13180957236164,135111,27.13180957236164,27.677501415068633,26.86124417868024,0.0007536733585897792,2026,3,0.007395185302657986
2026-03-24,27.11550688122936,27.466067323343584,26.902790196438538,27.250993093775428,43383,27.250993093775428,27.666482602789312,26.866291938451205,0.004392759763993004,2026,3,0.007352126281355187
2026-03-25,27.47353368872802,27.754312615559854,27.050837303604677,27.53647612068159,81709,27.53647612068159,27.66100939242446,26.871437008716427,0.010476059566848273,2026,3,0.00715389927174457
2026-03-26,27.37239427824011,27.830069076596196,27.103632949454223,27.31366933089276,89785,27.31366933089276,27.653425807515212,26.87593448822915,-0.008091332704023402,2026,3,0.00713444554995537
2026-03-27,27.550960001263853,27.985808883554043,27.278491528688665,27.697615338330888,133253,27.697615338330888,27.64580294403316,26.883079342021674,0.014056917903881638,2026,3,0.007479785913310859
2026-03-28,27.431799346037526,27.724803510756633,27.00298045122953,27.34623953441684,54518,27.34623953441684,27.628870455992477,26.888918898133852,-0.012686139208084701,2026,3,0.007793687940871375
2026-03-29,27.290079169531456,27.671946562713618,27.18191574282476,27.318918217310433,73909,27.318918217310433,27.61868205492164,26.893797985754567,-0.0009990886341801897,2026,3,0.007608823444837426
2026-03-30,27.379836817571704,27.698694230380305,27.305917698769782,27.424815314477655,38351,27.424815314477655,27.60994036026097,26.898910682862425,0.0038763283496388024,2026,3,0.007633499868933617
2026-03-31,27.56070904685438,27.78480483227231,27.377959482126972,27.475393850669963,89624,27.475393850669963,27.604592667597316,26.904753056834632,0.0018442616882676788,2026,3,0.007619174042490128
2026-04-01,27.41661953448058,27.646984549572082,26.987049526759538,27.363307937102256,73330,27.363307937102256,27.593934496657038,26.9095730605492,-0.004079501614313474,2026,4,0.007560130547459714
2026-04-02,27.282529992139658,27.56868580609654,27.0877158067289,27.325845932037947,142477,27.325845932037947,27.58538016027384,26.91411838444403,-0.0013690598063077486,2026,4,0.007507604364457089
2026-04-03,27.376225340203067,27.622503116552082,26.73128583523253,27.237105763799356,35282,27.237105763799356,27.575464071715142,26.917348227006197,-0.0032474811011997673,2026,4,0.007517561727601085
2026-04-04,27.00129250823741,27.453783061913093,26.807717268103147,27.131020107549396,104866,27.131020107549396,27.561608315827115,26.920679489071595,-0.003894894603337695,2026,4,0.006573520018393473
2026-04-05,27.357860757846495,27.613055346427224,27.01549335469348,27.283948485013184,127945,27.283948485013184,27.547694408789358,26.925070288956253,0.00563666153567266,2026,4,0.006561668702986964
2026-04-06,27.419383423443094,27.742647431164652,26.944000277230103,27.34821127248689,41778,27.34821127248689,27.539386824566474,26.930135300116095,0.0023553331186285664,2026,4,0.006570428805936579
2026-04-07,27.186341972622294,27.465415887329115,26.735732683806383,27.223487545339975,44264,27.223487545339975,27.52978897024968,26.93589385609352,-0.004560580796462932,2026,4,0.006445905242713936
2026-04-08,27.424551485587013,27.682415004618623,26.92926516525432,27.38541552291796,79675,27.38541552291796,27.52513947860462,26.942195543709484,0.005948098211454367,2026,4,0.0062242682033568026
2026-04-09,27.29059580750951,27.49090936822254,26.919759184450196,27.44072943667575,25075,27.44072943667575,27.523948250471985,26.948538851149273,0.0020198310926302643,2026,4,0.00597739337553781
2026-04-10,27.69792786037159,28.039560627841837,27.234638365485612,27.58704461806676,95948,27.58704461806676,27.519327690702156,26.95560913238504,0.005332044169185091,2026,4,0.006012142441696693
2026-04-11,27.67818955323985,27.98502665720281,27.36893685831973,27.70037780961301,68454,27.70037780961301,27.515515860603795,26.963457207998573,0.004108203438074165,2026,4,0.006045878832167137
2026-04-12,27.488431945184754,27.900959718633,27.16059583756809,27.551158707647037,48365,27.551158707647037,27.51325883070172,26.97183302177012,-0.00538689771639822,2026,4,0.005906388958314276
2026-04-13,27.576207227512008,27.615832765331376,27.255444692044435,27.45032612041158,92766,27.45032612041158,27.50568084604554,26.98008325339598,-0.0036598310911499787,2026,4,0.00566988410617705
2026-04-14,27.50031772646864,28.043676439811843,27.332137614810872,27.58483896933377,68200,27.58483896933377,27.493153356058556,26.989314492331324,0.004900227717956618,2026,4,0.005567094623149502
2026-04-15,27.525690261548167,27.930746654296275,27.276027707289263,27.694705617111794,31002,27.694705617111794,27.479106324089148,26.99981711404786,0.003982863481645227,2026,4,0.00560667836810097
2026-04-16,27.50414782937538,28.051761611872,27.271166291627875,27.690943330198248,33947,27.690943330198248,27.470453778258904,27.010446081470327,-0.00013584859740201072,2026,4,0.0054544893788094516
2026-04-17,27.784783453355306,27.930792860642754,27.507385064126556,27.71206225919383,99222,27.71206225919383,27.46396685367089,27.020816997766637,0.0007626655669961124,2026,4,0.00543573130660066
2026-04-18,27.78839041813619,28.253319330942,27.468751673390518,27.942041940435743,114840,27.942041940435743,27.45751864257064,27.030640245158068,0.008298901723404528,2026,4,0.0056146046043292945
2026-04-19,28.046134392283417,28.19079283596605,27.490028569588244,27.835559090445294,136219,27.835559090445294,27.45148838454681,27.039773958268007,-0.0038108471176673264,2026,4,0.005610263569260134
2026-04-20,27.684205090109856,28.121659722986323,27.42536440148067,27.934036619055902,98610,27.934036619055902,27.445829927153866,27.049168263669333,0.003537831889441456,2026,4,0.005631477672889842
2026-04-21,28.101216705812607,28.542619841199286,27.499888933512278,27.897641941617803,72142,27.897641941617803,27.43665489361982,27.05844759700767,-0.001302879277149338,2026,4,0.00560944988187046
2026-04-22,27.883781421101215,28.114713181024882,27.72262823645025,27.8584593250369,76307,27.8584593250369,27.43003315745183,27.069257911356864,-0.001404513566519383,2026,4,0.0056261157274509616
2026-04-23,28.04463358497015,28.327982445712568,27.813999530898123,28.056239158394597,24493,28.056239158394597,27.427581309232824,27.081080987360757,0.00709945338506035,2026,4,0.005705260247061134
2026-04-24,28.139423810795368,28.541820874281317,27.961106042855647,28.204814101212442,144023,28.204814101212442,27.439769522294412,27.093592730889785,0.005295611502990516,2026,4,0.005482184450132278
2026-04-25,28.399142169414805,28.698710358212065,28.287899497399863,28.351245835692556,70085,28.351245835692556,27.45857416555442,27.104619715189983,0.00519172840333737,2026,4,0.005270440216848107
2026-04-26,28.581715856689353,28.851273911494694,28.33998392527362,28.586232020980336,54228,28.586232020980336,27.482987777865187,27.116994755284917,0.008288390099314258,2026,4,0.004877965173776326
2026-04-27,28.722408938316214,29.008905038562837,28.35218746331256,28.59001271247423,99676,28.59001271247423,27.51196902346091,27.129117306229233,0.0001322556778773354,2026,4,0.004137085113865703
2026-04-28,28.72647156514677,29.216813123670597,28.311419272983112,28.712764247307327,71875,28.712764247307327,27.537528619059145,27.141884855440434,0.004293511026650876,2026,4,0.0041400408277367925
2026-04-29,28.67495244249593,28.919190562792572,28.343835062665026,28.656916231120505,51655,28.656916231120505,27.567119763294293,27.155424974804568,-0.0019450588492906373,2026,4,0.004169307686133368
2026-04-30,28.67163270910276,28.98537607923992,28.52405139153568,28.715266174568423,63472,28.715266174568423,27.599462066550515,27.168228303352876,0.0020361557041699285,2026,4,0.004170041902862738
2026-05-01,28.685006949935712,29.046905864383,28.24959769330229,28.69184042478224,69437,28.69184042478224,27.630865188732784,27.180237763422827,-0.0008157942762492265,2026,5,0.0040611316592391805
2026-05-02,28.746235910747977,29.106788504043774,28.337196328928393,28.70929969848093,69416,28.70929969848093,27.657428912548383,27.191622591108946,0.0006085100655868203,2026,5,0.00402736194759386
2026-05-03,28.61120775594078,29.185130993615612,28.30299798559392,28.816427963059574,79711,28.816427963059574,27.691304305399807,27.204361508827265,0.003731483028278637,2026,5,0.003934889306108038
2026-05-04,28.507365989424862,28.983021262280467,28.280014399309845,28.669148240077547,26816,28.669148240077547,27.71804671428383,27.215101513050836,-0.005110963897774878,2026,5,0.004002205448825102
2026-05-05,29.134969640983655,29.270669149710606,28.891721873373278,29.04577794970093,97175,29.04577794970093,27.752284878340646,27.22898633177903,0.013137108450849588,2026,5,0.004455656314816593
2026-05-06,28.885198673606336,29.298541826836445,28.65191549863809,28.864694821030984,84307,28.864694821030984,27.786434810967844,27.24143756347946,-0.006234404497050483,2026,5,0.0047074012351546665
2026-05-07,28.624062870366874,28.781506331427327,28.265188008396457,28.646140870729194,132728,28.646140870729194,27.814550092081653,27.25082461536515,-0.007571670224018723,2026,5,0.004876989809048711
2026-05-08,28.856812899927053,29.13707644645096,28.416142197365744,28.854600827959207,66733,28.854600827959207,27.846117957436,27.26214544972961,0.007277069472314768,2026,5,0.004922627046117913
2026-05-09,29.038809917515934,29.213382332513998,28.592775760045313,28.997100112872534,148202,28.997100112872534,27.88269658924638,27.274688448475278,0.004938529067269215,2026,5,0.004956762070179186
2026-05-10,29.044670518304798,29.35302784528262,28.843555460483426,29.10944167994192,115028,29.10944167994192,27.92127076489219,27.287703468827708,0.0038742345486995067,2026,5,0.004928539147790688
2026-05-11,29.129147304561215,29.50542011263984,28.991109047890117,29.222543871609492,136450,29.222543871609492,27.963494113320053,27.301737128227188,0.0038854126063676553,2026,5,0.004925113887004982
2026-05-12,29.243840883108767,29.525976604653795,28.956250827805928,29.220339452497047,31240,29.220339452497047,28.00526471092276,27.317155362619065,-7.543556516265149e-05,2026,5,0.004750349659586668
2026-05-13,28.94142893231579,29.351025741053125,28.868272868872076,29.058833665629596,118234,29.058833665629596,28.041421522359848,27.331704361399275,-0.0055271701114221194,2026,5,0.004838132291665622
2026-05-14,29.121468816790205,29.53283994369607,28.79016171468599,29.07247848610447,112493,29.07247848610447,28.072141569668297,27.34727765762422,0.00046955843554763455,2026,5,0.004811295193487679
2026-05-15,28.746279345523746,29.245942808183685,28.511039604153613,28.950589378032287,145149,28.950589378032287,28.10487997061109,27.36181527512122,-0.004192594316664078,2026,5,0.0049117408602257304
2026-05-16,29.24960960652656,29.475193942997493,28.922714580234306,29.12611093004748,118344,29.12611093004748,28.13344988244542,27.378057982189116,0.006062797192943448,2026,5,0.004970964525798188
2026-05-17,29.15635229926666,29.502761016095498,29.009110908103775,29.099640601377097,91363,29.099640601377097,28.16851790378463,27.392773396649144,-0.000908817821025254,2026,5,0.004991131974279104
2026-05-18,28.98177467407211,29.350721722964575,28.649691095297474,28.951051105954445,52762,28.951051105954445,28.201160561557508,27.40745079159516,-0.005106231291929442,2026,5,0.0049746373359878145
2026-05-19,29.011124572530367,29.13836379101667,28.696471738423096,28.893201654456906,28259,28.893201654456906,28.230528288357092,27.422128794648273,-0.001998181388503717,2026,5,0.004922472973153046
2026-05-20,29.167386249562032,29.477126256547017,28.83452099979755,28.96752931622652,70139,28.96752931622652,28.260370997668225,27.436446270514608,0.0025724965567515135,2026,5,0.004910179093571804
2026-05-21,28.98778330452398,29.30790057875507,28.828832675393638,28.866058896721803,148775,28.866058896721803,28.290426016860614,27.451364172168198,-0.003502902107977768,2026,5,0.004965328771154408
2026-05-22,28.497154317760046,28.938302875183847,28.249905808265108,28.718059225519845,34849,28.718059225519845,28.318270282730253,27.46533736152464,-0.005127117343295073,2026,5,0.005076637095465906
2026-05-23,28.608373687580105,29.149493604919552,28.18114852791313,28.76192292358839,101768,28.76192292358839,28.348766625926036,27.47835344089257,0.0015273907517248109,2026,5,0.0049470435356003695
2026-05-24,28.73103867706448,29.04101134768471,28.314912755609694,28.80601690638796,126108,28.80601690638796,28.382266561902807,27.493036725085602,0.0015330679703409178,2026,5,0.004877398299292683
2026-05-25,28.71789806084646,28.980455706193613,28.510476760479786,28.71476713482116,109709,28.71476713482116,28.410882934898964,27.507097589948124,-0.0031677330421396865,2026,5,0.004851529707205702
2026-05-26,28.692099322266156,28.92479213983777,28.44020144584604,28.62998023980986,74869,28.62998023980986,28.436518314245422,27.520500625820763,-0.0029527279330947565,2026,5,0.0046542422240012276
2026-05-27,28.58465997095582,28.923307133292383,28.287782545348318,28.671749228534235,146888,28.671749228534235,28.465483547909308,27.533408866052426,0.001458924818477314,2026,5,0.004661235841878101
2026-05-28,28.433506058801964,28.573878550112443,28.260932590983543,28.411094047064715,83095,28.411094047064715,28.48599711839225,27.546127086016533,-0.009091010785282516,2026,5,0.004881899347212128
2026-05-29,28.067104615794538,28.263745479417505,27.78692542581259,28.157750567676935,137886,28.157750567676935,28.500337541012268,27.558766999535475,-0.008917061728355158,2026,5,0.005121010706194402
2026-05-30,27.955048471492464,28.437881114173994,27.628440443653997,28.028430607851497,90910,28.028430607851497,28.50916526080796,27.570290565846236,-0.0045926949851557985,2026,5,0.0051474955163090695
2026-05-31,27.821210788921576,28.15531398571153,27.448517466533144,27.990010120543364,106710,27.990010120543364,28.51495790702657,27.581354743514545,-0.0013707684117487684,2026,5,0.005148574169992639
2026-06-01,27.9351854928177,28.196834247405373,27.695200900465693,28.045973482351005,43567,28.045973482351005,28.524854202520647,27.592473294426576,0.0019994048436076106,2026,6,0.005168036165911789
2026-06-02,28.149335448727964,28.346198590041553,27.91970282374566,28.311537601401923,55292,28.311537601401923,28.542078432140457,27.604607862545322,0.009468885764226886,2026,6,0.005439249481843599
2026-06-03,28.348811543221007,28.65202015880934,28.18660980189666,28.46591633357829,94813,28.46591633357829,28.559699979425346,27.618126346574368,0.005452855805638812,2026,6,0.005477265465594583
2026-06-04,28.56356441377781,28.681255434437062,28.269815433588857,28.43712739818487,117136,28.43712739818487,28.574548415046806,27.631291857599003,-0.0010113475728676935,2026,6,0.004861813262070323
2026-06-05,28.319776614102555,28.847905996776024,28.09242450329271,28.433704480762387,71631,28.433704480762387,28.589403638058087,27.644176488810558,-0.00012036790406266817,2026,6,0.004748391716496358
2026-06-06,28.569135042908066,28.92011675184233,27.966512644445963,28.25324919512758,29885,28.25324919512758,28.600227376776765,27.65680175987016,-0.006346527437425475,2026,6,0.00469030327445128
2026-06-07,28.30911497875466,28.490299944236888,27.908558368025627,28.249916830648953,79659,28.249916830648953,28.606384874581032,27.66773117204734,-0.00011794623887728672,2026,6,0.004458834959547411
2026-06-08,28.22013861048671,28.695382191021142,28.02827617071136,28.197958275643327,74306,28.197958275643327,28.61363285828499,27.67797434182067,-0.0018392462999839987,2026,6,0.00433343654234822
2026-06-09,28.153044682882438,28.60422416520334,27.753775825986487,28.256047616504183,86314,28.256047616504183,28.620073078233958,27.689580131445787,0.0020600548554976505,2026,6,0.004276481270353071
2026-06-10,28.191183232193847,28.408700093842985,27.884258406769025,28.107146046664766,85087,28.107146046664766,28.624263160334895,27.699850514973935,-0.005269723913985946,2026,6,0.004243657666223961
2026-06-11,28.131551880079645,28.20068784774082,27.88368860951449,28.200628419228178,49165,28.200628419228178,28.63110654221872,27.711465523868107,0.0033259290149276755,2026,6,0.0043218787333704585
2026-06-12,28.491162601326085,28.97025685858516,28.301242591483422,28.47652142356864,78929,28.47652142356864,28.6395121875222,27.723751621640613,0.009783221857295521,2026,6,0.004679325187174382
2026-06-13,28.76415474143866,28.8751974947623,28.4493686228737,28.456944596846405,87028,28.456944596846405,28.644554797434886,27.7348970992584,-0.0006874725473327015,2026,6,0.004674426155684118
2026-06-14,28.517725518857258,28.61471283212853,28.179320979221153,28.529252706824217,115998,28.529252706824217,28.648114934857514,27.74714273151259,0.002540965342632928,2026,6,0.0046627122639963225
2026-06-15,28.7913914244865,29.143648467687463,28.329794235622973,28.653478625332216,69812,28.653478625332216,28.649459866944554,27.759142454843005,0.004354334822036288,2026,6,0.00458993504045125
2026-06-16,28.496877769377658,29.07523418102669,28.275010525089478,28.581258940392765,70500,28.581258940392765,28.64928479150292,27.770409576914474,-0.0025204508633588363,2026,6,0.004603871182340976
2026-06-17,28.617396968259005,29.010022868969692,28.360697896536518,28.62159558711864,99151,28.62159558711864,28.647461418299148,27.781138528075584,0.0014112970604269748,2026,6,0.0045366311808695626
2026-06-18,28.83635829553562,29.142749207540856,28.32226829748895,28.62386221925936,78643,28.62386221925936,28.646800338061926,27.790171698713007,7.919307411841103e-05,2026,6,0.00452678906548435
2026-06-19,28.56620787006362,28.950919351164682,28.472462455752275,28.641443916998153,64900,28.641443916998153,28.645323892910525,27.799513627143526,0.0006142321956454921,2026,6,0.004497933466268242
2026-06-20,28.7197959828638,29.055137538741832,28.305207423638798,28.502302155904168,62946,28.502302155904168,28.641533127532956,27.8088382093165,-0.004858056789916465,2026,6,0.004537141234371439
2026-06-21,28.591644219525435,28.91753707850411,28.177287519308596,28.50671398727078,27851,28.50671398727078,28.637481413308755,27.818985413632962,0.00015478859716244742,2026,6,0.0044495255486773685
2026-06-22,28.528857666587648,28.8744728220919,28.404286608904574,28.59635367969496,36288,28.59635367969496,28.63307992764146,27.830315045668016,0.0031445115864356943,2026,6,0.004481314451083377
2026-06-23,28.933448457784728,29.193868568179916,28.578203735881402,28.857559529098065,92692,28.857559529098065,28.636848153421873,27.843020098488566,0.009134236215177838,2026,6,0.004786183239571796
2026-06-24,29.14693481174861,29.390675498958657,28.915886458255745,29.030228277793405,87580,29.030228277793405,28.63653715998372,27.856281458275248,0.005983484103055714,2026,6,0.004863664782305985
2026-06-25,29.49241831561155,29.66702185672488,29.12115812190213,29.417801120145484,27368,29.417801120145484,28.647599285966013,27.8712316605543,0.013350664646635035,2026,6,0.005364034649103573
2026-06-26,29.09125159243878,29.50161105113896,28.84481574066853,29.279678558825637,105436,29.279678558825637,28.660270039727944,27.884746785102617,-0.004695203450310159,2026,6,0.005459506893633618
2026-06-27,29.34943981233637,29.517400592015818,29.26095299392692,29.436696273435356,116136,29.436696273435356,28.67191194863746,27.899035296521298,0.005362685737626993,2026,6,0.005195782353467342
2026-06-28,29.439995598202078,29.709863871788784,29.07352166275636,29.46969783446826,66403,29.46969783446826,28.681363903069382,27.912180635075696,0.0011211027462578738,2026,6,0.004832595284068826
2026-06-29,29.854930350955435,30.01500325173235,29.67838950863524,29.863862362447442,111170,29.863862362447442,28.69645231671949,27.927534987419904,0.013375248371843229,2026,6,0.005150533492775796
2026-06-30,29.792849322789596,29.93249039106802,29.549393914784954,29.718368671083514,29168,29.718368671083514,28.70636881270897,27.939713719057362,-0.00487189800160881,2026,6,0.005270836451732805
2026-07-01,29.588542859602967,29.856532274718315,29.297161819767883,29.567218739490976,106497,29.567218739490976,28.71330639844885,27.950573600423873,-0.005086077680287016,2026,7,0.005427858459502515
2026-07-02,29.29908674026584,29.848528291945513,28.934223005322966,29.45932806331105,69879,29.45932806331105,28.721316286402477,27.96166547021026,-0.0036489964487536053,2026,7,0.005313981575349865
2026-07-03,29.122650575056,29.46448223565623,28.928609014833125,29.077026832935285,79871,29.077026832935285,28.7214072533391,27.971809637093017,-0.012977255609977312,2026,7,0.005859355668625864
2026-07-04,29.05566121846681,29.148611158104494,28.726222944047954,28.98239092903275,129632,28.98239092903275,28.722043284359103,27.981046399282544,-0.0032546623300337973,2026,7,0.005896474067217663
2026-07-05,28.912921903704806,29.06395909004777,28.552865399920027,28.845747049953083,131623,28.845747049953083,28.716436006757217,27.989801058583467,-0.004714720721774035,2026,7,0.005976296794370397
2026-07-06,29.002511618585356,29.346588737384177,28.553507370792484,28.8728179315188,109388,28.8728179315188,28.71189955336005,27.998048471847536,0.0009384704621737683,2026,7,0.005834973857706702
2026-07-07,29.034404665704557,29.186155926350725,28.666689851630967,28.93433400715869,118646,28.93433400715869,28.71156521138413,28.006177551627683,0.0021305878693862468,2026,7,0.0058380172094227075
2026-07-08,29.32714636772496,29.55468305272526,29.05874754212588,29.272044758217547,52174,29.272044758217547,28.71914207345935,28.016060731184524,0.01167162689748813,2026,7,0.006139570142135476
2026-07-09,29.434701163716,29.74812625899349,29.26746018578087,29.443121049091037,119751,29.443121049091037,28.72865390811664,28.02756140654199,0.005844357382156051,2026,7,0.006195092126492763
2026-07-10,29.139963079049885,29.492443945585443,28.88134869074525,29.339278391071804,112491,29.339278391071804,28.738118298003638,28.03990623111158,-0.00352689029964226,2026,7,0.006138387506731363
2026-07-11,29.22911793652501,29.489655487139608,29.03477765142766,29.1775637502291,26581,29.1775637502291,28.74730838849782,28.05184434593381,-0.005511882013155223,2026,7,0.006256161483188643
2026-07-12,29.291031723559843,29.407629174068024,29.22397415275081,29.26610920110027,130155,29.26610920110027,28.757392114048056,28.063454429095508,0.003034710218754011,2026,7,0.006053247365098606
2026-07-13,29.061056684300002,29.25091991990488,28.73481124342079,29.028467223836557,91853,29.028467223836557,28.761841120397033,28.073683618001173,-0.008120039996802109,2026,7,0.006269945758172041
2026-07-14,29.204919972591902,29.640107995104593,28.864526488483282,29.35812980169034,84046,29.35812980169034,28.774708373734416,28.086682284696945,0.01135652720868019,2026,7,0.006559944987792334
2026-07-15,29.44070223857118,29.661129650067004,29.426995482125363,29.57042902342017,69678,29.57042902342017,28.793517349406624,28.100586584668104,0.007231360552047539,2026,7,0.006631676156947876
2026-07-16,29.612355748441274,29.906403222237316,29.336950476512317,29.485977406041325,128392,29.485977406041325,28.809801912956765,28.11372184091061,-0.002855948329730351,2026,7,0.006638222383897611
2026-07-17,29.172866572342166,29.425649410912296,28.860951146241646,29.177613190804966,131250,29.177613190804966,28.82513229583157,28.126110747769513,-0.010457995371494055,2026,7,0.006962392848100687
2026-07-18,29.503090301839457,29.808339297281172,28.96556067118357,29.42131021815474,46649,29.42131021815474,28.850403488841124,28.139579787169815,0.008352191995833813,2026,7,0.007100854390854243
2026-07-19,29.404091251144926,29.676482664551393,29.14861367524173,29.40069304600927,147795,29.40069304600927,28.877848737604282,28.15289335286279,-0.0007007564242583753,2026,7,0.0071069951734239935
2026-07-20,29.627070718903983,30.013484761901367,29.446300276287406,29.623499982164493,108668,29.623499982164493,28.910518534836704,28.168349626504586,0.00757828857321674,2026,7,0.0071224238450235
